<doxygenlayout version="1.0">
  <!-- Generated by doxygen 1.8.18 -->
  <!-- Navigation index tabs for HTML output -->
  <navindex>

    <tab type="mainpage" visible="yes" title="">
      <tab type="user" url="@ref mainpage_data_receivers" title="Data Endpoints"/>
      <tab type="user" url="@ref mainpage_supported_sensors" title="Supported Sensors"/>
      <tab type="user" url="@ref mainpage_modems" title="Supported Cellular/Wifi Modules"/>
      <tab type="user" url="@ref mainpage_contributing" title="Contributing"/>
      <tab type="user" url="@ref mainpage_license" title="License"/>
      <tab type="user" url="@ref mainpage_acknowledgments" title="Acknowledgments"/>
    </tab>

    <tab type="usergroup" url="@ref getting_started" title="Getting Started">
      <tab type="usergroup" url="@ref getting_started" title="Getting Started">
        <tab type="user" url="@ref getting_started_ide" title="IDE and Driver Installation"/>
        <tab type="user" url="@ref getting_started_libraries" title="Library Installation"/>
        <tab type="user" url="@ref getting_started_clock" title="Setting the Clock"/>
        <tab type="user" url="@ref getting_started_program" title="Writing Your Logger Program"/>
        <tab type="user" url="@ref getting_started_examples" title="Modifying the Examples"/>
        <tab type="user" url="@ref getting_started_deploying" title="Deploying your Station"/>
      </tab>
      <tab type="user" url="@ref library_dependencies" title="Library Dependencies"/>
      <tab type="user" url="@ref physical_dependencies" title="Physical Dependencies"/>
      <tab type="user" url="@ref library_terminology" title="Terminology"/>
    </tab>

    <tab type="modules" visible="yes" title="" intro=""/>
    <tab type="namespaces" visible="yes" title="">
      <tab type="namespacelist" visible="yes" title="" intro=""/>
      <tab type="namespacemembers" visible="yes" title="" intro=""/>
    </tab>
    <tab type="interfaces" visible="yes" title="">
      <tab type="interfacelist" visible="yes" title="" intro=""/>
      <tab type="interfaceindex" visible="$ALPHABETICAL_INDEX" title=""/>
      <tab type="interfacehierarchy" visible="yes" title="" intro=""/>
    </tab>
    <tab type="classes" visible="yes" title="">
      <tab type="hierarchy" visible="yes" title="" intro=""/>
      <tab type="classmembers" visible="yes" title="" intro=""/>
      <tab type="classlist" visible="yes" title="" intro=""/>
      <tab type="classindex" visible="$ALPHABETICAL_INDEX" title=""/>
    </tab>
    <tab type="structs" visible="yes" title="">
      <tab type="structlist" visible="yes" title="" intro=""/>
      <tab type="structindex" visible="$ALPHABETICAL_INDEX" title=""/>
    </tab>
    <tab type="exceptions" visible="yes" title="">
      <tab type="exceptionlist" visible="yes" title="" intro=""/>
      <tab type="exceptionindex" visible="$ALPHABETICAL_INDEX" title=""/>
      <tab type="exceptionhierarchy" visible="yes" title="" intro=""/>
    </tab>
    <tab type="files" visible="yes" title="">
      <tab type="filelist" visible="yes" title="" intro=""/>
      <tab type="globals" visible="yes" title="" intro=""/>
    </tab>
    <tab type="examples" visible="yes" title="Examples" intro="These example programs demonstrate how to use the ModularSensors library.  See the walkthroughs section for detailed step-by-step guides to each example"/>

    <tab type="usergroup" url="@ref the_examples" title="Walkthroughs">
      <tab type="usergroup" url="@ref examples_basic" title="Basic Functionality">
        <tab type="user" url="@ref single_sensor_walkthrough" title="Single Sensor"/>
        <tab type="user" url="@ref simple_logging_walkthrough" title="Simple Logging"/>
        <tab type="user" url="@ref learn_envirodiy_walkthrough" title="Learn EnviroDIY"/>
      </tab>
      <tab type="usergroup" url="@ref examples_publishing" title="Publishing Data">
        <tab type="user" url="@ref mmw_walkthrough" title="Publishing to Monitor My Watershed"/>
        <tab type="user" url="@ref thingspeak_walkthrough" title="Publishing to ThingSpeak"/>
      </tab>
      <tab type="usergroup" url="@ref examples_complex" title="Calculations and Complex Logging">
        <tab type="user" url="@ref baro_rho_walkthrough" title="Barometric Pressure Correction"/>
        <tab type="user" url="@ref double_log_walkthrough" title="Multiple Logging Intervals"/>
        <tab type="user" url="@ref data_saving_walkthrough" title=" Minimizing Cell Data Usage"/>
      </tab>
      <tab type="usergroup" url="@ref examples_drwi" title="DRWI Citizen Science">
        <tab type="user" url="@ref drwi_2g_walkthrough" title="DRWI CitSci (2G)"/>
        <tab type="user" url="@ref drwi_lte_walkthrough" title="DRWI LTE"/>
        <tab type="user" url="@ref drwi_no_cell_walkthrough" title=" DRWI CitSci No Cellular"/>
      </tab>
      <tab type="usergroup" url="@ref examples_everything" title="Everything at Once">
        <tab type="user" url="@ref menu_walkthrough" title="The a la carte Menu"/>
      </tab>
    </tab>

    <tab type="usergroup" url="@ref faq_page" title="FAQs">
      <tab type="user" url="@ref processor_compatibility" title="Processor Compatibility" title=""/>
      <tab type="user" url="@ref arduino_streams" title="Arduino Streams and Software Serial" title=""/>
      <tab type="user" url="@ref power_parasites" title="Power Draw over Data Lines" title=""/>
      <tab type="user" url="@ref memory_use" title="Decreasing Memory Footprint" title=""/>
      <tab type="user" url="@ref code_debugging" title="In-Library Debugging" title=""/>
      <tab type="user" url="@ref for_developers" title="For Developers" title=""/>
    </tab>

    <tab type="usergroup" url="@ref other_reading_page" title="Other Reading">
      <tab type="usergroup" url="@ref sensor_notes_page" title="Sensor Information">
        <tab type="user" url="@ref processor_sensor_page" title="Processor Metadata"/>
        <tab type="user" url="@ref ds3231_page" title="Maxim DS3231 RTC"/>
        <tab type="user" url="@ref am2315_page" title="AOSong AM2315"/>
        <tab type="user" url="@ref dht_page" title="AOSong DHT"/>
        <tab type="user" url="@ref sq212_page" title="Apogee SQ212"/>
        <tab type="user" url="@ref atlas_page" title="Atlas EZO Circuits"/>
        <tab type="user" url="@ref bme280_page" title="Bosch BME28"/>
        <tab type="user" url="@ref obs3_page" title="Campbell OBS3+"/>
        <tab type="user" url="@ref es2_page" title="Decagon ES2"/>
        <tab type="user" url="@ref mpl115a2_page" title="Freescale MPL115A2"/>
        <tab type="user" url="@ref i2c_rain_page" title="Arduino I2C Tipping Bucket"/>
        <tab type="user" url="@ref keller_page" title="Keller Water Level Sensors"/>
        <tab type="user" url="@ref maxbotics_page" title="Maxbotix Ultrasonic Range Finders"/>
        <tab type="user" url="@ref ds18_page" title="Maxim DS18"/>
        <tab type="user" url="@ref ms5803_page" title="Measurement Specialties MS5803"/>
        <tab type="user" url="@ref meter_soil_page" title="Meter Soil Moisture Sensors"/>
        <tab type="user" url="@ref hydros21_page" title="Meter Hydros 21"/>
        <tab type="user" url="@ref ads1115_page" title="TI ADS1115"/>
        <tab type="user" url="@ref ina219_page" title="TI INA219"/>
        <tab type="user" url="@ref yosemitech_page" title="Yosemitech Environmental Sensors"/>
        <tab type="user" url="@ref dopto_page" title="ZebraTech D-Opto"/>
      </tab>
      <tab type="usergroup" url="@ref modem_notes_page" title="Modem Information">
        <tab type="user" url="@ref digi_xbees" title="Digi XBee"/>
        <tab type="user" url="@ref esp8266_page" title="Espressif ESP8266"/>
        <tab type="user" url="@ref bg96_page" title="Quectel BG96"/>
        <tab type="user" url="@ref monarch_page" title="Sequans Monarch VZM20Q"/>
        <tab type="user" url="@ref sim800_page" title="SIMCom SIM800"/>
        <tab type="user" url="@ref sim7000_page" title="SIMCom SIM7000"/>
        <tab type="user" url="@ref gprsbee_page" title="Sodaq GPRSBee"/>
        <tab type="user" url="@ref ubee_page" title="Sodaq UBee"/>
      </tab>
    </tab>

    <tab type="pages" visible="no" title="Other Reading" intro="Here are links to detailed information about the various supported sensors and modems as well as how to deal with some common issues with the ModularSensors library."/>
  </navindex>

  <!-- Layout definition for a class page -->
  <class>
    <briefdescription visible="yes"/>
    <includes visible="$SHOW_INCLUDE_FILES"/>
    <inheritancegraph visible="$CLASS_GRAPH"/>
    <collaborationgraph visible="$COLLABORATION_GRAPH"/>
    <memberdecl>
      <nestedclasses visible="yes" title=""/>
      <publictypes title=""/>
      <services title=""/>
      <interfaces title=""/>
      <publicslots title=""/>
      <signals title=""/>
      <publicmethods title=""/>
      <publicstaticmethods title=""/>
      <publicattributes title=""/>
      <publicstaticattributes title=""/>
      <protectedtypes title=""/>
      <protectedslots title=""/>
      <protectedmethods title=""/>
      <protectedstaticmethods title=""/>
      <protectedattributes title=""/>
      <protectedstaticattributes title=""/>
      <packagetypes title=""/>
      <packagemethods title=""/>
      <packagestaticmethods title=""/>
      <packageattributes title=""/>
      <packagestaticattributes title=""/>
      <properties title=""/>
      <events title=""/>
      <privatetypes title=""/>
      <privateslots title=""/>
      <privatemethods title=""/>
      <privatestaticmethods title=""/>
      <privateattributes title=""/>
      <privatestaticattributes title=""/>
      <friends title=""/>
      <related title="" subtitle=""/>
      <membergroups visible="yes"/>
    </memberdecl>
    <detaileddescription title=""/>
    <memberdef>
      <inlineclasses title=""/>
      <typedefs title=""/>
      <enums title=""/>
      <services title=""/>
      <interfaces title=""/>
      <constructors title=""/>
      <functions title=""/>
      <related title=""/>
      <variables title=""/>
      <properties title=""/>
      <events title=""/>
    </memberdef>
    <allmemberslink visible="yes"/>
    <usedfiles visible="$SHOW_USED_FILES"/>
    <authorsection visible="yes"/>
  </class>

  <!-- Layout definition for a namespace page -->
  <namespace>
    <briefdescription visible="yes"/>
    <memberdecl>
      <nestednamespaces visible="yes" title=""/>
      <constantgroups visible="yes" title=""/>
      <interfaces visible="yes" title=""/>
      <classes visible="yes" title=""/>
      <structs visible="yes" title=""/>
      <exceptions visible="yes" title=""/>
      <typedefs title=""/>
      <sequences title=""/>
      <dictionaries title=""/>
      <enums title=""/>
      <functions title=""/>
      <variables title=""/>
      <membergroups visible="yes"/>
    </memberdecl>
    <detaileddescription title=""/>
    <memberdef>
      <inlineclasses title=""/>
      <typedefs title=""/>
      <sequences title=""/>
      <dictionaries title=""/>
      <enums title=""/>
      <functions title=""/>
      <variables title=""/>
    </memberdef>
    <authorsection visible="yes"/>
  </namespace>

  <!-- Layout definition for a file page -->
  <file>
    <briefdescription visible="yes"/>
    <includes visible="$SHOW_INCLUDE_FILES"/>
    <includegraph visible="$INCLUDE_GRAPH"/>
    <includedbygraph visible="$INCLUDED_BY_GRAPH"/>
    <sourcelink visible="yes"/>
    <memberdecl>
      <interfaces visible="yes" title=""/>
      <classes visible="yes" title=""/>
      <structs visible="yes" title=""/>
      <exceptions visible="yes" title=""/>
      <namespaces visible="yes" title=""/>
      <constantgroups visible="yes" title=""/>
      <defines title=""/>
      <typedefs title=""/>
      <sequences title=""/>
      <dictionaries title=""/>
      <enums title=""/>
      <functions title=""/>
      <variables title=""/>
      <membergroups visible="yes"/>
    </memberdecl>
    <detaileddescription title=""/>
    <memberdef>
      <inlineclasses title=""/>
      <defines title=""/>
      <typedefs title=""/>
      <sequences title=""/>
      <dictionaries title=""/>
      <enums title=""/>
      <functions title=""/>
      <variables title=""/>
    </memberdef>
    <authorsection/>
  </file>

  <!-- Layout definition for a group page -->
  <group>
    <briefdescription visible="yes"/>
    <groupgraph visible="$GROUP_GRAPHS"/>
    <memberdecl>
      <nestedgroups visible="yes" title=""/>
      <dirs visible="yes" title=""/>
      <files visible="yes" title=""/>
      <namespaces visible="yes" title=""/>
      <classes visible="yes" title=""/>
      <defines title=""/>
      <typedefs title=""/>
      <sequences title=""/>
      <dictionaries title=""/>
      <enums title=""/>
      <enumvalues title=""/>
      <functions title=""/>
      <variables title=""/>
      <signals title=""/>
      <publicslots title=""/>
      <protectedslots title=""/>
      <privateslots title=""/>
      <events title=""/>
      <properties title=""/>
      <friends title=""/>
      <membergroups visible="yes"/>
    </memberdecl>
    <detaileddescription title=""/>
    <memberdef>
      <pagedocs/>
      <inlineclasses title=""/>
      <defines title=""/>
      <typedefs title=""/>
      <sequences title=""/>
      <dictionaries title=""/>
      <enums title=""/>
      <enumvalues title=""/>
      <functions title=""/>
      <variables title=""/>
      <signals title=""/>
      <publicslots title=""/>
      <protectedslots title=""/>
      <privateslots title=""/>
      <events title=""/>
      <properties title=""/>
      <friends title=""/>
    </memberdef>
    <authorsection visible="yes"/>
  </group>

  <!-- Layout definition for a directory page -->
  <directory>
    <briefdescription visible="yes"/>
    <directorygraph visible="yes"/>
    <memberdecl>
      <dirs visible="yes"/>
      <files visible="yes"/>
    </memberdecl>
    <detaileddescription title=""/>
  </directory>
</doxygenlayout>
