{
    "name": "EnviroDIY_ModularSensors",
    "version": "0.25.0",
    "description": "A library that allows access to multiple sensors through a unified interface.  This allows the user to simply access many sensors to log the data or send the data to data repositories like the EnviroDIY data portal.",
    "keywords": "modular, sensor, sensors, datalogger, logger, low power, sleeping, EnviroDIY, ModularSensors, Mayfly, WikiWatershed, Monitor My Watershed, ThingSpeak",
    "platforms": "atmelavr, atmelsam",
    "frameworks": "arduino",
    "authors": [
        {
            "name": "Sara Damiano",
            "email": "sdamiano@stroudcenter.org",
            "url": "https://envirodiy.org/",
            "maintainer": true
        },
        {
            "name": "Anthony Aufdenkampe",
            "email": "aaufdenkampe@limno.com"
        },
        {
            "name": "Bobby Schulz",
            "email": "schu3119@umn.edu"
        },
        {
            "name": "Shannon Hicks",
            "email": "shicks@stroudcenter.org",
            "url": "https://envirodiy.org/"
        }
    ],
    "repository": {
        "type": "git",
        "url": "https://github.com/EnviroDIY/ModularSensors.git"
    },
    "export": {
        "exclude": [
            "doc/*",
            "sensor_tests/*",
            "compile_tests/*",
            "travis/*",
            "pioScripts/*"
        ]
    },
    "examples": [
        "examples/*/*.ino"
    ],
    "build": {
        "srcFilter": [
            "+<*.c>",
            "+<*.cpp>",
            "+<*.h>",
            "+<sensors/*.c>",
            "+<sensors/*.cpp>",
            "+<sensors/*.h>",
            "+<modems/*.c>",
            "+<modems/*.cpp>",
            "+<modems/*.h>",
            "+<publishers/*.c>",
            "+<publishers/*.cpp>",
            "+<publishers/*.h>",
            "+<WatchDogs/*.c>",
            "+<WatchDogs/*.cpp>",
            "+<WatchDogs/*.h>"
        ],
        "libLDFMode": "deep+"
    },
    "dependencies": [
        {
            "name": "EnviroDIY_DS3231",
            "library id": "2079",
            "url": "https://github.com/EnviroDIY/Sodaq_DS3231.git",
            "version": "=1.3.2",
            "note": "An Arduino library for the DS3231 RTC (Real Time Clock), based off of the Sodaq_DS3231 library.",
            "authors": [
                "Kees Bakker",
                "Sara Damiano"
            ],
            "frameworks": "arduino",
            "platforms": "atmelavr, atmelsam"
        },
        {
            "name": "EnableInterrupt",
            "library id": "311",
            "url": "https://github.com/GreyGnome/EnableInterrupt.git",
            "version": "=1.1.0",
            "note": "GreyGnome's EnableInterrupt - Assign an interrupt to any supported pin on all Arduinos",
            "authors": [
                "Mike 'GreyGnome' Schwager"
            ],
            "frameworks": "arduino",
            "platforms": "atmelavr, atmelsam"
        },
        {
            "name": "SdFat",
            "library id": "322",
            "url": "https://github.com/greiman/SdFat.git",
            "version": "=1.1.2",
            "note": "SdFat - FAT16/FAT32 file system for SD cards.",
            "authors": [
                "Bill Greiman"
            ],
            "frameworks": "arduino",
            "platforms": "atmelavr, atmelsam"
        },
        {
            "name": "Adafruit ADS1X15",
            "library id": "344",
            "version_note": "=1.2.0",
            "version": "https://github.com/soligen2010/Adafruit_ADS1X15.git",
            "note": "Driver for TI's ADS1015: 12-bit Differential or Single-Ended ADC with PGA and Comparator.  This fork removes bugs in the Adafruit original library.",
            "authors_note": [
                "soligen2010"
            ],
            "frameworks_note": "arduino",
            "platforms_note": "*"
        },
        {
            "name": "Adafruit AM2315",
            "library id": "773",
            "url": "https://github.com/adafruit/Adafruit_AM2315.git",
            "version": "=2.0.0",
            "note": "AOSong AM2315 I2C Temp/Humidity Sensor Library by Adafruit",
            "authors": [
                "Adafruit"
            ],
            "frameworks": "arduino",
            "platforms": "atmelavr, atmelsam"
        },
        {
            "name": "Adafruit BME280 Library",
            "library id": "166",
            "url": "https://github.com/adafruit/Adafruit_BME280_Library.git",
            "version": "=2.0.0",
            "note": "Bosch BME280 Temp/Humidity/Pressure Sensor Library by Adafruit",
            "authors": [
                "Adafruit"
            ],
            "frameworks": "arduino",
            "platforms": "atmelavr, atmelsam"
        },
        {
            "name": "DHT sensor library",
            "library id": "19",
            "url": "https://github.com/adafruit/DHT-sensor-library.git",
            "version": "=1.3.8",
            "note": "AOSong DHT Sensor Library by Adafruit",
            "authors": [
                "Adafruit"
            ],
            "frameworks": "arduino",
            "platforms": "atmelavr, atmelsam"
        },
        {
            "name": "Adafruit INA219",
            "library id": "160",
            "url": "https://github.com/adafruit/Adafruit_INA219.git",
            "version": "=1.0.6",
            "note": "This is a library for the Adafruit INA219 high side DC current sensor boards",
            "authors": [
                "Adafruit"
            ],
            "frameworks": "arduino",
            "platforms": "atmelavr, atmelsam"
        },
        {
            "name": "Adafruit MPL115A2",
            "library id": "406",
            "url": "https://github.com/adafruit/Adafruit_MPL115A2.git",
            "version": "=1.1.2",
            "note": "MPL115A2 Barometer Library by Adafruit",
            "authors": [
                "Adafruit"
            ],
            "frameworks": "arduino"
        },
        {
            "name": "Adafruit Unified Sensor",
            "library id": "31",
            "url": "https://github.com/adafruit/Adafruit_Sensor.git",
            "version": "=1.1.2",
            "note": "Adafruit Unified Sensor Library",
            "authors": [
                "Adafruit"
            ],
            "frameworks": "arduino",
            "platforms": "atmelavr, atmelsam"
        },
        {
            "name": "DallasTemperature",
            "library id": "54",
            "url": "https://github.com/milesburton/Arduino-Temperature-Control-Library.git",
            "version": "=3.8.1",
            "note": "DallasTemperature - Arduino Library for Dallas Temperature ICs (DS18B20, DS18S20, DS1822, DS1820)",
            "authors": [
                "Guil Barros",
                "Miles Burton",
                "Rob Tillart",
                "Tim Nuewsome"
            ],
            "frameworks": "arduino",
            "platforms": "atmelavr, atmelsam"
        },
        {
            "name": "OneWire",
            "library id": "1",
            "url": "https://github.com/PaulStoffregen/OneWire.git",
            "version": "=2.3.5",
            "note": "OneWire - Control 1-Wire protocol (DS18S20, DS18B20, DS2408 and etc)",
            "authors": [
                "Paul Stoffregen",
                "Jim Studt",
                "Tom Pollard",
                "Derek Yerger",
                "Josh Larios",
                "Robin James",
                "Glenn Trewitt",
                "Jason Dangel",
                "Guillermo Lovato",
                "Ken Butcher",
                "Mark Tillotson",
                "Bertrik Sikken",
                "Scott Roberts"
            ],
            "frameworks": "arduino"
        },
        {
            "name": "Arduino-SDI-12",
            "library id": "1486",
            "version": "=1.3.6",
            "url": "https://github.com/EnviroDIY/Arduino-SDI-12.git",
            "note": "EnviroDIY SDI-12 Library",
            "authors": [
                "Kevin M. Smith",
                "Sara Damiano",
                "Shannon Hicks",
                "Anthony Aufdenkampe"
            ],
            "frameworks": "arduino",
            "platforms": "atmelavr, atmelsam"
        },
        {
            "name": "KellerModbus",
            "library id": "5439",
            "url": "https://github.com/EnviroDIY/KellerModbus.git",
            "version": "=0.2.1",
            "note": "Arduino library for communication with Keller pressure and water level sensors via Modbus.",
            "authors": [
                "Anthony Aufdenkampe"
            ]
        },
        {
            "name": "MS5803",
            "library id": "5431",
            "url": "https://github.com/NorthernWidget/MS5803.git",
            "version": "=0.1.2",
            "note": "General interface to MS5803-series pressure transducers",
            "authors": [
                "Bobby Schulz",
                "Andrew Wickert",
                "Chad Sandell",
                "Sara Damiano"
            ]
        },
        {
            "name": "PubSubClient",
            "library id": "89",
            "url": "https://github.com/knolleary/pubsubclient.git",
            "version": "=2.7",
            "note": "A client library for MQTT messaging.",
            "authors": [
                "Nick O'Leary"
            ]
        },
        {
            "name": "RTCZero",
            "library id": "873",
            "url": "https://github.com/arduino-libraries/RTCZero.git",
            "version": "=1.6.0",
            "note": "Functions for using the processor real time clock in SAMD21 processors",
            "authors": [
                "Arduino"
            ],
            "frameworks": "arduino",
            "platforms": "atmelsam"
        },
        {
            "name": "SensorModbusMaster",
            "library id": "1824",
            "url": "https://github.com/EnviroDIY/SensorModbusMaster.git",
            "version": "=0.6.8",
            "note": "EnviroDIY SensorModbusMaster - Arduino library for communicating via modbus with the Arduino acting as the modbus master.",
            "authors": [
                "Sara Damiano"
            ],
            "frameworks": "arduino",
            "platforms": "atmelavr, atmelsam"
        },
        {
            "name": "TinyGSM",
            "version": "https://github.com/EnviroDIY/TinyGSM.git",
            "version_note": "=0.9.19",
            "note": "A small Arduino library for GPRS modules.",
            "authors": [
                "Volodymyr Shymanskyy",
                "Sara Damiano"
            ],
            "frameworks": "arduino",
            "platforms": "atmelavr, atmelsam"
        },
        {
            "name": "YosemitechModbus",
            "library id": "2078",
            "url": "https://github.com/EnviroDIY/YosemitechModbus.git",
            "version": "=0.2.2",
            "note": "Arduino library for communication with Yosemitech sensors via Modbus.",
            "authors": [
                "Sara Damiano",
                "Anthony Aufdenkampe"
            ],
            "frameworks": "arduino",
            "platforms": "atmelavr, atmelsam"
        }
    ]
}