{
    "name": "EnviroDIY_ModularSensors",
    "version": "0.5.3-beta",
    "description":  "A library that allows acces to multiple sensors through a unified interface.  This allows the user to simply access many sensors to log the data or send the data to data repositories like the EnviroDIY data portal.",
    "keywords": "sensor, modular, sensors, logger, low power, sleeping, EnviroDIY",
    "platforms": "atmelavr",
    "frameworks": "arduino",
    "authors":
    [
        {
            "name": "Sara Damiano",
            "email": "sdamiano@stroudcenter.org",
            "url": "https://envirodiy.org/",
            "maintainer": true
        },
        {
            "name": "Shannon Hicks",
            "email": "shicks@stroudcenter.org",
            "url": "https://envirodiy.org/"
        }
    ],
    "repository":
    {
        "type": "git",
        "url": "https://github.com/EnviroDIY/ModularSensors.git"
    },
    "export":
    {
        "exclude":
        [
            "doc/*",
            "sensor_tests/*"
        ]
    },
    "dependencies":
    [
        {
            "name": "EnviroDIY_DS3231",
            "library id": "2079",
            "url": "https://github.com/EnviroDIY/Sodaq_DS3231.git",
            "note": "An Arduino library for the DS3231 RTC (Real Time Clock), based off of the Sodaq_DS3231 library.",
            "authors": [
                "Kees Bakker",
                "Sara Damiano"
            ]
        },
        {
            "name": "EnableInterrupt",
            "library id": "311",
            "url": "https://github.com/GreyGnome/EnableInterrupt.git",
            "note": "GreyGnome's EnableInterrupt - Assign an interrupt to any supported pin on all Arduinos",
            "authors": [
                "Mike 'GreyGnome' Schwager"
            ]
        },
        {
            "name": "SdFat",
            "library id": "322",
            "url": "https://github.com/greiman/SdFat.git",
            "note": "SdFat - FAT16/FAT32 file system for SD cards.",
            "authors": [
                "Bill Greiman"
            ]
        },
        {
            "name": "Adafruit ADS1X15",
            "library id": "342",
            "url": "http://github.com/Adafruit/Adafruit_ADS1X15.git",
            "note": "TI ADS1X15 ADC Library by Adafruit",
            "authors": [
                "Adafruit"
            ]
        },
        {
            "name": "Adafruit Unified Sensor",
            "library id": "31",
            "url": "https://github.com/adafruit/Adafruit_Sensor.git",
            "note": "Adafruit Unified Sensor Library",
            "authors": [
                "Adafruit"
            ]
        },
        {
            "name": "DHT sensor library",
            "library id": "19",
            "url": "http://github.com/adafruit/DHT-sensor-library.git",
            "note": "AOSong DHT Sensor Library by Adafruit",
            "authors": [
                "Adafruit"
            ]
        },
        {
            "name": "Adafruit AM2315",
            "library id": "773",
            "url": "https://github.com/adafruit/Adafruit_AM2315.git",
            "note": "AOSong AM2315 I2C Temp/Humidity Sensor Library by Adafruit",
            "authors": [
                "Adafruit"
            ]
        },
        {
            "name": "Adafruit BME280 Library",
            "library id": "166",
            "url": "https://github.com/adafruit/Adafruit_BME280_Library.git",
            "note": "Bosch BME280 Temp/Humidity/Pressure Sensor Library by Adafruit",
            "authors": [
                "Adafruit"
            ]
        },
        {
            "name": "OneWire",
            "library id": "1",
            "url": "https://github.com/PaulStoffregen/OneWire.git",
            "note": "OneWire - Control 1-Wire protocol (DS18S20, DS18B20, DS2408 and etc)",
            "authors": [
                "Paul Stoffregen",
                "Tom Pollard",
                "Derek Yerger",
                "Jim Studt",
                "Jason Dangel",
                "Robin James",
                "Ken Butcher",
                "Guillermo Lovato",
                "Scott Roberts",
                "Bertrik Sikken",
                "Mark Tillotson",
                "Glenn Trewitt",
                "Josh Larios"
            ]
        },
        {
            "name": "DallasTemperature",
            "library id": "54",
            "url": "https://github.com/milesburton/Arduino-Temperature-Control-Library.git",
            "note": "DallasTemperature - Arduino Library for Dallas Temperature ICs (DS18B20, DS18S20, DS1822, DS1820)",
            "authors": [
                "Guil Barros",
                "Miles Burton",
                "Rob Tillart",
                "Tim Nuewsome"
            ]
        },
        {
            "name": "Arduino-SDI-12_ExtInts",
            "version": "https://github.com/EnviroDIY/Arduino-SDI-12.git#ExtInts",
            "note": "EnviroDIY SDI-12 Library, dependent on external library for interrupts",
            "authors": [
                "Kevin M. Smith",
                "Sara Damiano",
                "Shannon Hicks"
            ]
        },
        {
            "name": "TinyGSM",
            "version": "https://github.com/EnviroDIY/TinyGSM.git",
            "note": "A small Arduino library for GPRS modules.",
            "authors": [
                "Volodymyr Shymanskyy"
            ]
        },
        {
            "name": "SensorModbusMaster",
            "library id": "1824",
            "url": "https://github.com/EnviroDIY/SensorModbusMaster.git",
            "note": "EnviroDIY SensorModbusMaster - Arduino library for communicating via modbus with the Arduino acting as the modbus master.",
            "authors": [
                "Sara Damiano"
            ]
        },
        {
            "name": "YosemitechModbus",
            "library id": "2078",
            "url": "https://github.com/EnviroDIY/YosemitechModbus.git",
            "note": "Arduino library for communication with Yosemitech sensors via Modbus.",
            "authors": [
                "Sara Damiano"
            ]
        },
        {
            "name": "RTCZero",
            "library id": "873",
            "url": "https://github.com/arduino-libraries/RTCZero.git",
            "note": "Functions for using the processor real time clock in SAMD21 processors",
            "authors": [
                "Arduino"
            ]
        }
    ]
}
