<doxygenlayout version="1.0">
    <!-- Generated by doxygen 1.8.18 -->
    <!-- Navigation index tabs for HTML output -->
    <navindex>

        <tab type="mainpage" visible="yes" title="About">
            <tab type="user" url="@ref mainpage_data_receivers" title="Data Endpoints" />
            <tab type="user" url="@ref mainpage_supported_sensors" title="Supported Sensors" />
            <tab type="user" url="@ref mainpage_modems" title="Supported Cellular/Wifi Modules" />
            <tab type="user" url="@ref mainpage_contributing" title="Contributing" />
            <tab type="user" url="@ref mainpage_license" title="License" />
            <tab type="user" url="@ref mainpage_acknowledgments" title="Acknowledgments" />
        </tab>

        <tab type="usergroup" url="@ref page_getting_started" title="Getting Started">
            <tab type="usergroup" url="@ref page_getting_started" title="Getting Started">
                <tab type="user" url="@ref getting_started_ide" title="IDE and Driver Installation" />
                <tab type="user" url="@ref getting_started_libraries" title="Library Installation" />
                <tab type="user" url="@ref getting_started_clock" title="Setting the Clock" />
                <tab type="user" url="@ref getting_started_program" title="Writing Your Logger Program" />
                <tab type="user" url="@ref getting_started_examples" title="Modifying the Examples" />
                <tab type="user" url="@ref getting_started_deploying" title="Deploying your Station" />
            </tab>
            <tab type="user" url="@ref page_library_dependencies" title="Library Dependencies" />
            <tab type="user" url="@ref page_physical_dependencies" title="Physical Dependencies" />
            <tab type="user" url="@ref page_library_terminology" title="Terminology" />
        </tab>

        <tab type="usergroup" url="@ref page_faq" title="FAQs">
            <tab type="user" url="@ref page_processor_compatibility" title="Processor Compatibility" title="" />
            <tab type="user" url="@ref page_arduino_streams" title="Arduino Streams and Software Serial" title="" />
            <tab type="user" url="@ref page_power_parasites" title="Power Draw over Data Lines" title="" />
            <tab type="user" url="@ref page_memory_use" title="Decreasing Memory Footprint" title="" />
            <tab type="user" url="@ref page_code_debugging" title="In-Library Debugging" title="" />
            <tab type="user" url="@ref page_for_developers" title="For Developers" title="" />
        </tab>

        <tab type="modules" visible="yes" title="" intro="" />
        <tab type="namespaces" visible="yes" title="">
            <tab type="namespacelist" visible="yes" title="" intro="" />
            <tab type="namespacemembers" visible="yes" title="" intro="" />
        </tab>
        <tab type="interfaces" visible="yes" title="">
            <tab type="interfacelist" visible="yes" title="" intro="" />
            <tab type="interfaceindex" visible="$ALPHABETICAL_INDEX" title="" />
            <tab type="interfacehierarchy" visible="yes" title="" intro="" />
        </tab>
        <tab type="classes" visible="yes" title="">
            <tab type="hierarchy" visible="yes" title="" intro="" />
            <tab type="classmembers" visible="yes" title="" intro="" />
            <tab type="classlist" visible="yes" title="" intro="" />
            <tab type="classindex" visible="$ALPHABETICAL_INDEX" title="" />
        </tab>
        <tab type="structs" visible="yes" title="">
            <tab type="structlist" visible="yes" title="" intro="" />
            <tab type="structindex" visible="$ALPHABETICAL_INDEX" title="" />
        </tab>
        <tab type="exceptions" visible="yes" title="">
            <tab type="exceptionlist" visible="yes" title="" intro="" />
            <tab type="exceptionindex" visible="$ALPHABETICAL_INDEX" title="" />
            <tab type="exceptionhierarchy" visible="yes" title="" intro="" />
        </tab>
        <tab type="files" visible="yes" title="">
            <tab type="filelist" visible="yes" title="" intro="" />
            <tab type="globals" visible="yes" title="" intro="" />
        </tab>
        <tab type="examples" visible="yes" title="Examples" intro="These example programs demonstrate how to use the ModularSensors library.  See the walkthroughs section for detailed step-by-step guides to each example" />

        <tab type="usergroup" url="@ref the_examples" title="Walkthroughs">
            <tab type="usergroup" url="@ref examples_basic" title="Basic Functionality">
                <tab type="user" url="@ref single_sensor.ino" title="Single Sensor" />
                <tab type="user" url="@ref simple_logging.ino" title="Simple Logging" />
                <tab type="user" url="@ref simple_logging_LearnEnviroDIY.ino" title="Learn EnviroDIY" />
            </tab>
            <tab type="usergroup" url="@ref examples_publishing" title="Publishing Data">
                <tab type="user" url="@ref logging_to_MMW.ino" title="Publishing to Monitor My Watershed" />
                <tab type="user" url="@ref logging_to_ThingSpeak.ino" title="Publishing to ThingSpeak" />
            </tab>
            <tab type="usergroup" url="@ref examples_complex" title="Calculations and Complex Logging">
                <tab type="user" url="@ref baro_rho_correction.ino" title="Barometric Pressure Correction" />
                <tab type="user" url="@ref double_logger.ino" title="Multiple Logging Intervals" />
                <tab type="user" url="@ref data_saving.ino" title=" Minimizing Cell Data Usage" />
            </tab>
            <tab type="usergroup" url="@ref examples_drwi" title="DRWI Citizen Science">
                <tab type="user" url="@ref DRWI_CitSci.ino" title="DRWI CitSci (2G)" />
                <tab type="user" url="@ref DRWI_LTE.ino" title="DRWI LTE" />
                <tab type="user" url="@ref DRWI_NoCellular.ino" title=" DRWI CitSci No Cellular" />
            </tab>
            <tab type="usergroup" url="@ref examples_everything" title="Everything at Once">
                <tab type="user" url="@ref menu_a_la_carte.ino" title="The a la carte Menu" />
            </tab>
        </tab>

        <tab type="usergroup" url="@ref page_other_reading" title="Other Reading">
            <tab type="usergroup" url="@ref page_sensor_notes" title="Sensor Information">
                <tab type="user" url="@ref sensor_processor" title="Processor Metadata" />
                <tab type="user" url="@ref sensor_ds3231" title="Maxim DS3231 RTC" />
                <tab type="user" url="@ref sensor_am2315" title="AOSong AM2315" />
                <tab type="user" url="@ref sensor_dht" title="AOSong DHT" />
                <tab type="user" url="@ref sensor_sq212" title="Apogee SQ212" />
                <tab type="usergroup" url="@ref atlas_group" title="Atlas EZO Circuits">
                    <tab type="user" url="@ref sensor_atlas_co2" title="Atlas Scientific EZO-CO2 Embedded NDIR CO2 %Sensor" />
                    <tab type="user" url="@ref sensor_atlas_do" title="EZO-DO Dissolved Oxygen Circuit and Probe" />
                    <tab type="user" url="@ref sensor_atlas_cond" title="Atlas Scientific EZO-EC Conductivity Circuit and Probes" />
                    <tab type="user" url="@ref sensor_atlas_orp" title="Atlas Scientific EZO-ORP Oxidation/Reduction Potential Circuit and Probes" />
                    <tab type="user" url="@ref sensor_atlas_ph" title="Atlas Scientific EZO-pH Circuit and Probe" />
                    <tab type="user" url="@ref sensor_atlas_rtd" title="Atlas Scientific EZO-RTD Temperature Circuit and Probes" />
                </tab>
                <tab type="user" url="@ref sensor_bme280" title="Bosch BME28" />
                <tab type="user" url="@ref sensor_obs3" title="Campbell OBS3+" />
                <tab type="user" url="@ref sensor_es2" title="Decagon ES2" />
                <tab type="user" url="@ref sensor_mpl115a2" title="Freescale MPL115A2" />
                <tab type="user" url="@ref sensor_i2c_rain" title="Arduino I2C Tipping Bucket" />
                <tab type="user" url="@ref keller_group" title="Keller Water Level Sensors" />
                <tab type="user" url="@ref sensor_maxbotix" title="Maxbotix Ultrasonic Range Finders" />
                <tab type="user" url="@ref sensor_ds18" title="Maxim DS18" />
                <tab type="user" url="@ref sensor_ms5803" title="Measurement Specialties MS5803" />
                <tab type="user" url="@ref meter_soil_group" title="Meter Soil Moisture Sensors" />
                <tab type="user" url="@ref sensor_hydros21" title="Meter Hydros 21" />
                <tab type="user" url="@ref analog_group" title="TI ADS1115" />
                <tab type="user" url="@ref sensor_ina219" title="TI INA219" />
                <tab type="user" url="@ref yosemitech_group" title="Yosemitech Environmental Sensors" />
                <tab type="user" url="@ref sensor_dopto" title="ZebraTech D-Opto" />
            </tab>
            <tab type="usergroup" url="@ref page_modem_notes" title="Modem Information">
                <tab type="user" url="@ref page_digi_xbees" title="Digi XBee" />
                <tab type="user" url="@ref page_esp8266" title="Espressif ESP8266" />
                <tab type="user" url="@ref page_bg96" title="Quectel BG96" />
                <tab type="user" url="@ref page_monarch" title="Sequans Monarch VZM20Q" />
                <tab type="user" url="@ref page_sim800" title="SIMCom SIM800" />
                <tab type="user" url="@ref page_sim7000" title="SIMCom SIM7000" />
                <tab type="user" url="@ref page_gprsbee" title="Sodaq GPRSBee" />
                <tab type="user" url="@ref page_ubee" title="Sodaq UBee" />
            </tab>
        </tab>

        <tab type="pages" visible="yes" title="Other Reading" intro="Here are links to detailed information about the various supported sensors and modems as well as how to deal with some common issues with the ModularSensors library." />
    </navindex>

    <!-- Layout definition for a class page -->
    <class>
        <briefdescription visible="yes" />
        <includes visible="$SHOW_INCLUDE_FILES" />
        <inheritancegraph visible="$CLASS_GRAPH" />
        <collaborationgraph visible="$COLLABORATION_GRAPH" />
        <detaileddescription title="" />
        <memberdecl>
            <nestedclasses visible="yes" title="" />
            <publictypes title="" />
            <services title="" />
            <interfaces title="" />
            <publicslots title="" />
            <signals title="" />
            <publicmethods title="" />
            <publicstaticmethods title="" />
            <publicattributes title="" />
            <publicstaticattributes title="" />
            <protectedtypes title="" />
            <protectedslots title="" />
            <protectedmethods title="" />
            <protectedstaticmethods title="" />
            <protectedattributes title="" />
            <protectedstaticattributes title="" />
            <packagetypes title="" />
            <packagemethods title="" />
            <packagestaticmethods title="" />
            <packageattributes title="" />
            <packagestaticattributes title="" />
            <properties title="" />
            <events title="" />
            <privatetypes title="" />
            <privateslots title="" />
            <privatemethods title="" />
            <privatestaticmethods title="" />
            <privateattributes title="" />
            <privatestaticattributes title="" />
            <friends title="" />
            <related title="" subtitle="" />
            <membergroups visible="yes" />
        </memberdecl>
        <memberdef>
            <inlineclasses title="" />
            <typedefs title="" />
            <enums title="" />
            <services title="" />
            <interfaces title="" />
            <constructors title="" />
            <functions title="" />
            <related title="" />
            <variables title="" />
            <properties title="" />
            <events title="" />
        </memberdef>
        <allmemberslink visible="yes" />
        <usedfiles visible="$SHOW_USED_FILES" />
        <authorsection visible="yes" />
    </class>

    <!-- Layout definition for a namespace page -->
    <namespace>
        <briefdescription visible="yes" />
        <detaileddescription title="" />
        <memberdecl>
            <nestednamespaces visible="yes" title="" />
            <constantgroups visible="yes" title="" />
            <interfaces visible="yes" title="" />
            <classes visible="yes" title="" />
            <structs visible="yes" title="" />
            <exceptions visible="yes" title="" />
            <typedefs title="" />
            <sequences title="" />
            <dictionaries title="" />
            <enums title="" />
            <functions title="" />
            <variables title="" />
            <membergroups visible="yes" />
        </memberdecl>
        <memberdef>
            <inlineclasses title="" />
            <typedefs title="" />
            <sequences title="" />
            <dictionaries title="" />
            <enums title="" />
            <functions title="" />
            <variables title="" />
        </memberdef>
        <authorsection visible="yes" />
    </namespace>

    <!-- Layout definition for a file page -->
    <file>
        <briefdescription visible="yes" />
        <includes visible="$SHOW_INCLUDE_FILES" />
        <includegraph visible="$INCLUDE_GRAPH" />
        <includedbygraph visible="$INCLUDED_BY_GRAPH" />
        <sourcelink visible="yes" />
        <detaileddescription title="" />
        <memberdecl>
            <interfaces visible="yes" title="" />
            <classes visible="yes" title="" />
            <structs visible="yes" title="" />
            <exceptions visible="yes" title="" />
            <namespaces visible="yes" title="" />
            <constantgroups visible="yes" title="" />
            <defines title="" />
            <typedefs title="" />
            <sequences title="" />
            <dictionaries title="" />
            <enums title="" />
            <functions title="" />
            <variables title="" />
            <membergroups visible="yes" />
        </memberdecl>
        <memberdef>
            <inlineclasses title="" />
            <defines title="" />
            <typedefs title="" />
            <sequences title="" />
            <dictionaries title="" />
            <enums title="" />
            <functions title="" />
            <variables title="" />
        </memberdef>
        <authorsection />
    </file>

    <!-- Layout definition for a group page -->
    <group>
        <briefdescription visible="yes" />
        <groupgraph visible="$GROUP_GRAPHS" />
        <detaileddescription title="" />
        <memberdecl>
            <nestedgroups visible="yes" title="" />
            <dirs visible="yes" title="" />
            <files visible="yes" title="" />
            <namespaces visible="yes" title="" />
            <classes visible="yes" title="" />
            <defines title="" />
            <typedefs title="" />
            <sequences title="" />
            <dictionaries title="" />
            <enums title="" />
            <enumvalues title="" />
            <functions title="" />
            <variables title="" />
            <signals title="" />
            <publicslots title="" />
            <protectedslots title="" />
            <privateslots title="" />
            <events title="" />
            <properties title="" />
            <friends title="" />
            <membergroups visible="yes" />
        </memberdecl>
        <memberdef>
            <pagedocs />
            <inlineclasses title="" />
            <defines title="" />
            <typedefs title="" />
            <sequences title="" />
            <dictionaries title="" />
            <enums title="" />
            <enumvalues title="" />
            <functions title="" />
            <variables title="" />
            <signals title="" />
            <publicslots title="" />
            <protectedslots title="" />
            <privateslots title="" />
            <events title="" />
            <properties title="" />
            <friends title="" />
        </memberdef>
        <authorsection visible="yes" />
    </group>

    <!-- Layout definition for a directory page -->
    <directory>
        <briefdescription visible="yes" />
        <directorygraph visible="yes" />
        <detaileddescription title="" />
        <memberdecl>
            <dirs visible="yes" />
            <files visible="yes" />
        </memberdecl>
    </directory>
</doxygenlayout>