{
  "name": "EnviroDIYMayfly",
  "repository": {
    "url": "https://github.com/EnviroDIY/Libraries.git",
    "type": "git",
    "branch": "platformio"
  },
  "keywords": "Mayfly, EnviroDIY, sensors, DS-3231, logger, SDI-12, libraries",
  "description": "A collection of libraries to support the EnviroDIY Mayfly",
  "export": {
    "exclude": [
      "*/.gitattributes",
      "*/.gitignore",
      "*/.travis.yml",
      "*/.gitmodules",
      "*id_rsa.enc",
      "*/platformio.ini",
      "*/*.sh",
      "*/make-zip.sh",
      "*/Doxyfile",
      "*/.git/*",
      "*/.github/*"
    ]
  },
  "dependencies": [
    {
      "name": "EnviroDIY_ModularSensors",
      "library id": "1648",
      "url": "https://github.com/EnviroDIY/ModularSensors.git",
      "version": "~0.33.0",
      "note": "EnviroDIY ModularSensors - A library that allows access to multiple sensors through a unified interface.",
      "authors": ["Sara Damiano", "Shannon Hicks"],
      "frameworks": "arduino",
      "platforms": "atmelavr, atmelsam"
    },
    {
      "name": "EnviroDIY_DS3231",
      "library id": "2079",
      "url": "https://github.com/EnviroDIY/Sodaq_DS3231.git",
      "version": "~1.3.4",
      "note": "An Arduino library for the DS3231 RTC (Real Time Clock), based off of the Sodaq_DS3231 library.",
      "authors": ["Kees Bakker", "Sara Damiano"],
      "frameworks": "arduino",
      "platforms": "atmelavr, atmelsam"
    },
    {
      "name": "EnableInterrupt",
      "library id": "311",
      "url": "https://github.com/GreyGnome/EnableInterrupt.git",
      "version": "~1.1.0",
      "note": "GreyGnome's EnableInterrupt - Assign an interrupt to any supported pin on all Arduinos",
      "authors": ["Mike 'GreyGnome' Schwager"],
      "frameworks": "arduino",
      "platforms": "atmelavr, atmelsam"
    },
    {
      "name": "SdFat",
      "library id": "322",
      "url": "https://github.com/greiman/SdFat.git",
      "version": "~2.1.2",
      "note": "SdFat - FAT16/FAT32 file system for SD cards.",
      "authors": ["Bill Greiman"],
      "frameworks": "arduino",
      "platforms": "atmelavr, atmelsam"
    },
    {
      "name": "Adafruit BusIO",
      "owner": "adafruit",
      "library id": "6214",
      "url": "https://github.com/adafruit/Adafruit_BusIO.git",
      "version": "~1.11.3",
      "note": "Adafruit BusIO, a dependency of other Adafruit libraries",
      "authors": ["Adafruit"],
      "frameworks": "arduino",
      "platforms": "atmelavr, atmelsam"
    },
    {
      "name": "Adafruit ADS1X15",
      "library id": "344",
      "version_note": "=1.2.0",
      "version": "https://github.com/soligen2010/Adafruit_ADS1X15.git#7d67b451f739e9a63f40f2d6d139ab582258572b",
      "note": "Driver for TI's ADS1015: 12-bit Differential or Single-Ended ADC with PGA and Comparator.  This fork removes bugs in the Adafruit original library.",
      "authors_note": ["soligen2010"],
      "frameworks_note": "arduino",
      "platforms_note": "*"
    },
    {
      "name": "Adafruit AM2315",
      "library id": "773",
      "url": "https://github.com/adafruit/Adafruit_AM2315.git",
      "version": "~2.2.1",
      "note": "AOSong AM2315 I2C Temp/Humidity Sensor Library by Adafruit",
      "authors": ["Adafruit"],
      "frameworks": "arduino",
      "platforms": "atmelavr, atmelsam"
    },
    {
      "name": "Adafruit BME280 Library",
      "library id": "166",
      "url": "https://github.com/adafruit/Adafruit_BME280_Library.git",
      "version": "~2.2.2",
      "note": "Bosch BME280 Temp/Humidity/Pressure Sensor Library by Adafruit",
      "authors": ["Adafruit"],
      "frameworks": "arduino",
      "platforms": "atmelavr, atmelsam"
    },
    {
      "name": "DHT sensor library",
      "library id": "19",
      "url": "https://github.com/adafruit/DHT-sensor-library.git",
      "version": "~1.4.3",
      "note": "AOSong DHT Sensor Library by Adafruit",
      "authors": ["Adafruit"],
      "frameworks": "arduino",
      "platforms": "atmelavr, atmelsam"
    },
    {
      "name": "Adafruit INA219",
      "library id": "160",
      "url": "https://github.com/adafruit/Adafruit_INA219.git",
      "version": "~1.2.0",
      "note": "This is a library for the Adafruit INA219 high side DC current sensor boards",
      "authors": ["Adafruit"],
      "frameworks": "arduino",
      "platforms": "atmelavr, atmelsam"
    },
    {
      "name": "Adafruit MPL115A2",
      "library id": "406",
      "url": "https://github.com/adafruit/Adafruit_MPL115A2.git",
      "version": "~2.0.0",
      "note": "MPL115A2 Barometer Library by Adafruit",
      "authors": ["Adafruit"],
      "frameworks": "arduino"
    },
    {
      "name": "Adafruit TSL2561",
      "library id": "34",
      "url": "http://github.com/Adafruit/TSL2561-Arduino-Library.git",
      "version": "~1.1.0",
      "note": "TAOS TSL2561 Luminosity Sensor Library by Adafruit",
      "authors": ["Adafruit"],
      "frameworks": "arduino",
      "platforms": "atmelavr, atmelsam"
    },
    {
      "name": "Adafruit Unified Sensor",
      "library id": "31",
      "url": "https://github.com/adafruit/Adafruit_Sensor.git",
      "version": "~1.1.5",
      "note": "Adafruit Unified Sensor Library",
      "authors": ["Adafruit"],
      "frameworks": "arduino",
      "platforms": "atmelavr, atmelsam"
    },
    {
      "name": "BMP388_DEV",
      "owner": "MartinL1",
      "version": "https://github.com/MartinL1/BMP388_DEV.git",
      "version_note": "~1.0.7",
      "note": "An Arduino compatible, non-blocking, I2C/SPI library for the Bosch BMP388 barometer.",
      "authors": ["Martin Lindupp"],
      "frameworks": "arduino",
      "platforms": "atmelavr, atmelsam"
    },
    {
      "name": "DallasTemperature",
      "library id": "54",
      "url": "https://github.com/milesburton/Arduino-Temperature-Control-Library.git",
      "version": "~3.9.1",
      "note": "DallasTemperature - Arduino Library for Dallas Temperature ICs (DS18B20, DS18S20, DS1822, DS1820)",
      "authors": ["Guil Barros", "Miles Burton", "Rob Tillart", "Tim Nuewsome"],
      "frameworks": "arduino",
      "platforms": "atmelavr, atmelsam"
    },
    {
      "name": "OneWire",
      "library id": "1",
      "url": "https://github.com/PaulStoffregen/OneWire.git",
      "version": "~2.3.6",
      "note": "OneWire - Control 1-Wire protocol (DS18S20, DS18B20, DS2408 and etc)",
      "authors": [
        "Paul Stoffregen",
        "Jim Studt",
        "Tom Pollard",
        "Derek Yerger",
        "Josh Larios",
        "Robin James",
        "Glenn Trewitt",
        "Jason Dangel",
        "Guillermo Lovato",
        "Ken Butcher",
        "Mark Tillotson",
        "Bertrik Sikken",
        "Scott Roberts"
      ],
      "frameworks": "arduino"
    },
    {
      "name": "GPRSbee",
      "note": "An Arduino library for the SODAQ GPRSbee.",
      "version": "https://github.com/EnviroDIY/GPRSBee.git#v1.2_hacked",
      "authors": ["Kees Bakker"],
      "frameworks": "arduino",
      "platforms": "atmelavr, atmelsam"
    },
    {
      "name": "RTCTimer",
      "library id": "645",
      "url": "https://github.com/SodaqMoja/RTCTimer.git",
      "version": "~1.0.0",
      "note": "Sodaq Real Time Clock (RTC) Timer Library ",
      "authors": ["Kees Bakker"],
      "frameworks": "arduino",
      "platforms": "atmelavr"
    },
    {
      "name": "Sodaq_PcInt",
      "library id": "695",
      "url": "https://github.com/SodaqMoja/Sodaq_PcInt.git",
      "version": "~1.2.0",
      "note": "Sodaq Pin Change Interrupt Library",
      "authors": ["Kees Bakker"],
      "frameworks": "arduino",
      "platforms": "atmelavr"
    },
    {
      "name": "Sodaq_PcInt_PCINT0",
      "version": "https://github.com/EnviroDIY/PcInt_PCINT0.git",
      "note": "Sodaq library controlling pin change interrupts - modified to use only interrupt vector 0.",
      "authors": ["Kees Bakker"],
      "frameworks": "arduino",
      "platforms": "atmelavr"
    },
    {
      "name": "SDI-12",
      "owner": "envirodiy",
      "library id": "1486",
      "version": "~2.1.4",
      "url": "https://github.com/EnviroDIY/Arduino-SDI-12.git",
      "note": "EnviroDIY SDI-12 Library for Arduino",
      "authors": [
        "Kevin M. Smith",
        "Sara Damiano",
        "Shannon Hicks",
        "Anthony Aufdenkampe"
      ],
      "frameworks": "arduino",
      "platforms": "atmelavr, atmelsam"
    },
    {
      "name": "SDI-12_ExtInts",
      "version": "https://github.com/EnviroDIY/Arduino-SDI-12.git#ExtInts",
      "note": "EnviroDIY SDI-12 Library, dependent on external library for interrupts",
      "authors": [
        "Kevin M. Smith",
        "Sara Damiano",
        "Shannon Hicks",
        "Anthony Aufdenkampe"
      ],
      "frameworks": "arduino",
      "platforms": "atmelavr, atmelsam"
    },
    {
      "name": "SDI-12_PCINT3",
      "note": "EnviroDIY SDI-12 Library - modified to use only interrupt vector 3.",
      "version": "https://github.com/EnviroDIY/Arduino-SDI-12.git#mayfly",
      "authors": ["Kevin M. Smith", "Sara Damiano", "Shannon Hicks"],
      "frameworks": "arduino",
      "platforms": "atmelavr"
    },
    {
      "name": "SoftwareSerial_ExtInts",
      "note": "Arduino SoftwareSerial Library - modified to use interrupts called by an external library.",
      "version": "https://github.com/EnviroDIY/SoftwareSerial_ExternalInts.git",
      "frameworks": "arduino",
      "platforms": "atmelavr"
    },
    {
      "note": "Arduino SoftwareSerial Library - modified to use only interrupt vectors 1 and 2.",
      "version": "https://github.com/EnviroDIY/SoftwareSerial_PCINT12.git",
      "name": "SoftwareSerial_PCINT12",
      "frameworks": "arduino",
      "platforms": "atmelavr"
    },
    {
      "name": "KellerModbus",
      "library id": "5439",
      "url": "https://github.com/EnviroDIY/KellerModbus.git",
      "version": "~0.2.2",
      "note": "Arduino library for communication with Keller pressure and water level sensors via Modbus.",
      "authors": ["Anthony Aufdenkampe"]
    },
    {
      "name": "MS5803",
      "library id": "5431",
      "url": "https://github.com/NorthernWidget/MS5803.git",
      "version": "~0.1.2",
      "note": "General interface to MS5803-series pressure transducers",
      "authors": ["Bobby Schulz", "Andrew Wickert", "Chad Sandell", "Sara Damiano"]
    },
    {
      "name": "Tally_Library_I2C",
      "version": "https://github.com/EnviroDIY/Tally_Library.git#Dev_I2C",
      "version_note": "Uses `Dev_I2C` feature branch",
      "note": "An Arduino library for interfacing to the Project Tally Event counter from NorthernWidget.",
      "authors": ["Bobby Schulz", "Anthony Aufdenkampe"],
      "frameworks": "arduino",
      "platforms": "atmelavr, atmelsam"
    },
    {
      "name": "NeoSWSerial",
      "version": "https://github.com/SRGDamia1/NeoSWSerial.git",
      "version_note": "~3.0.6",
      "note": "Another alternative for software serial port emulation.",
      "authors": ["SlashDevin"]
    },
    {
      "name": "PubSubClient",
      "library id": "89",
      "url": "https://github.com/knolleary/pubsubclient.git",
      "version": "~2.8",
      "note": "A client library for MQTT messaging.",
      "authors": ["Nick O'Leary"]
    },
    {
      "name": "RTCZero",
      "library id": "873",
      "url": "https://github.com/arduino-libraries/RTCZero.git",
      "version": "~1.6.0",
      "note": "Functions for using the processor real time clock in SAMD21 processors",
      "authors": ["Arduino"],
      "frameworks": "arduino",
      "platforms": "atmelsam"
    },
    {
      "name": "SDL_SSD1306",
      "version": "http://github.com/switchdoclabs/SDL_Arduino_SSD1306.git",
      "note": "Library for SwitchDoc Labs Grove OLED 128x64",
      "authors": ["SwitchDoc Labs"],
      "frameworks": "arduino",
      "platforms": "atmelavr"
    },
    {
      "name": "SensorModbusMaster",
      "library id": "1824",
      "url": "https://github.com/EnviroDIY/SensorModbusMaster.git",
      "version": "~0.6.8",
      "note": "EnviroDIY SensorModbusMaster - Arduino library for communicating via modbus with the Arduino acting as the modbus master.",
      "authors": ["Sara Damiano"],
      "frameworks": "arduino",
      "platforms": "atmelavr, atmelsam"
    },
    {
      "name": "TinyGSM",
      "owner": "vshymanskyy",
      "version": "~0.11.5",
      "note": "A small Arduino library for GPRS modules.",
      "authors": ["Volodymyr Shymanskyy", "Sara Damiano"],
      "frameworks": "arduino",
      "platforms": "atmelavr, atmelsam"
    },
    {
      "name": "StreamDebugger",
      "owner": "vshymanskyy",
      "version": "~1.0.1",
      "authors": "Volodymyr Shymanskyy",
      "frameworks": "arduino",
      "platforms": "atmelavr, atmelsam"
    },
    {
      "name": "YosemitechModbus",
      "library id": "2078",
      "url": "https://github.com/EnviroDIY/YosemitechModbus.git",
      "version": "~0.3.2",
      "note": "Arduino library for communication with Yosemitech sensors via Modbus.",
      "authors": ["Sara Damiano", "Anthony Aufdenkampe"],
      "frameworks": "arduino",
      "platforms": "atmelavr, atmelsam"
    },
    {
      "name": "SoftwareWire",
      "owner": "Testato",
      "version": "https://github.com/Testato/SoftwareWire.git"
    },
    {
      "name": "SparkFun PCA9536 Arduino Library",
      "library id": "5424",
      "url": "https://github.com/sparkfun/SparkFun_PCA9536_Arduino_Library.git",
      "version": "~1.2.1",
      "note": "An Arduino Library for the PCA9536 4-bit port expander.",
      "authors": ["SparkFun Electronics"],
      "frameworks": "arduino",
      "platforms": "atmelavr, atmelsam"
    },
    {
      "name": "Adafruit SHT4x Library",
      "library id": "11710",
      "url": "https://github.com/adafruit/Adafruit_SHT4x.git",
      "version": "~1.0.0",
      "note": "Arduino library for SHT4x temperature & humidity sensor.",
      "authors": ["Adafruit"],
      "frameworks": "arduino",
      "platforms": "atmelavr, atmelsam"
    }
  ]
}
