{
 "name": "EnviroDIYMayfly",
 "repository": {
  "url": "https://github.com/EnviroDIY/Libraries.git",
  "type": "git",
  "branch": "platformio"
 },
 "dependencies": [
  {
   "name": "Adafruit_ADS1X15"
  },
  {
   "name": "Adafruit_DHT"
  },
  {
   "name": "Adafruit_Sensor"
  },
  {
   "name": "Adafruit_TSL2561"
  },
  {
   "name": "EnviroDIY_DS3231"
  },
  {
   "name": "EnviroDIY_GPRSBee"
  },
  {
   "name": "EnviroDIY_ModularSensors"
  },
  {
   "name": "EnviroDIY_PCInt_PCINT0"
  },
  {
   "name": "EnviroDIY_SDI12"
  },
  {
   "name": "EnviroDIY_SDI12_PCINT3"
  },
  {
   "name": "EnviroDIY_SoftwareSerial_PCINT12"
  },
  {
   "name": "SDL_SSD1306"
  },
  {
   "name": "Sodaq_PcInt"
  },
  {
   "name": "Sodaq_RTCTimer"
  },
  {
   "name": "SdFat"
  },
  {
   "name": "TinyGSM"
  },
  {
   "name": "DallasTemperature"
  },
  {
   "name": "OneWire"
  },
  {
   "name": "Adafruit_AM2315"
  },
  {
   "name": "Adafruit_BME280"
  }
 ],
 "export": {
  "exclude": [
   "*/.gitattributes",
   "*/.gitignore",
   "*/.travis.yml",
   "*/.gitmodules",
   "*id_rsa.enc",
   "*/platformio.ini",
   "*/*.sh",
   "*/make-zip.sh",
   "*/Doxyfile",
   "*/.git/*",
   "*/.github/*"
  ]
 },
 "keywords": "Mayfly, EnviroDIY, Sensors, DS-3231, Logger, SDI-12",
 "description": "A collection of libraries to support the EnviroDIY Mayfly"
}