{
 "name": "EnviroDIYMayfly",
 "repository": {
  "url": "https://github.com/EnviroDIY/Libraries.git",
  "type": "git",
  "branch": "platformio"
 },
 "dependencies": [
  {
   "note": "TI ADS1X15 ADC Library by Adafruit",
   "url": "http://github.com/Adafruit/Adafruit_ADS1X15.git",
   "name": "342"
  },
  {
   "note": "AOSong DHT Sensor Library by Adafruit",
   "url": "http://github.com/adafruit/DHT-sensor-library.git",
   "name": "19"
  },
  {
   "note": "Adafruit Unified Sensor Library",
   "url": "https://github.com/adafruit/Adafruit_Sensor.git",
   "name": "31"
  },
  {
   "note": "TAOS TSL2561 Luminosity Sensor Library by Adafruit",
   "url": "http://github.com/Adafruit/TSL2561-Arduino-Library.git",
   "name": "34"
  },
  {
   "version": "https://github.com/EnviroDIY/Sodaq_DS3231.git",
   "name": "EnviroDIY_DS3231"
  },
  {
   "version": "http://github.com/EnviroDIY/GPRSBee.git#v1.2_hacked",
   "name": "EnviroDIY_GPRSBee"
  },
  {
   "version": "https://github.com/EnviroDIY/ModularSensors.git",
   "name": "EnviroDIY_ModularSensors"
  },
  {
   "version": "http://github.com/EnviroDIY/PcInt_PCINT0.git",
   "name": "EnviroDIY_PCInt_PCINT0"
  },
  {
   "note": "EnviroDIY SDI-12 Library",
   "url": "http://github.com/EnviroDIY/Arduino-SDI-12.git",
   "name": "1486"
  },
  {
   "version": "https://github.com/EnviroDIY/Arduino-SDI-12.git#mayfly",
   "name": "EnviroDIY_SDI12_PCINT3"
  },
  {
   "version": "http://github.com/EnviroDIY/SoftwareSerial_PCINT12.git",
   "name": "EnviroDIY_SoftwareSerial_PCINT12"
  },
  {
   "version": "http://github.com/switchdoclabs/SDL_Arduino_SSD1306.git",
   "name": "SDL_SSD1306"
  },
  {
   "note": "Sodaq Pin Change Interrupt Library",
   "url": "http://github.com/SodaqMoja/Sodaq_PcInt.git",
   "name": "695"
  },
  {
   "note": "Sodaq Real Time Clock (RTC) Timer Library ",
   "url": "http://github.com/SodaqMoja/RTCTimer.git",
   "name": "645"
  },
  {
   "note": "SdFat",
   "url": "https://github.com/greiman/SdFat.git",
   "name": "322"
  },
  {
   "version": "https://github.com/EnviroDIY/TinyGSM.git",
   "name": "TinyGSM"
  },
  {
   "note": "DallasTemperature",
   "url": "https://github.com/milesburton/Arduino-Temperature-Control-Library.git",
   "name": "54"
  },
  {
   "note": "OneWire",
   "url": "https://github.com/PaulStoffregen/OneWire.git",
   "name": "1"
  },
  {
   "note": "AOSong AM2315 I2C Temp/Humidity Sensor Library by Adafruit",
   "url": "https://github.com/adafruit/Adafruit_AM2315.git",
   "name": "166"
  },
  {
   "note": "Bosch BME280 Temp/Humidity/Pressure Sensor Library by Adafruit",
   "url": "https://github.com/adafruit/Adafruit_BME280_Library.git",
   "name": "773"
  },
  {
   "version": "https://github.com/EnviroDIY/SoftwareSerial_ExternalInts.git",
   "name": "EnviroDIY_SoftwareSerial_ExtInts"
  },
  {
   "version": "https://github.com/EnviroDIY/Arduino-SDI-12.git#ExtInts",
   "name": "EnviroDIY_SDI12_ExtInts"
  },
  {
   "note": "RTCZero",
   "url": "https://github.com/arduino-libraries/RTCZero.git",
   "name": "873"
  },
  {
   "note": "EnviroDIY SensorModbusMaster",
   "url": "https://github.com/EnviroDIY/SensorModbusMaster.git",
   "name": "1824"
  },
  {
   "version": "https://github.com/EnviroDIY/YosemitechModbus.git",
   "name": "YosemitechModbus"
  }
 ],
 "export": {
  "exclude": [
   "*/.gitattributes",
   "*/.gitignore",
   "*/.travis.yml",
   "*/.gitmodules",
   "*id_rsa.enc",
   "*/platformio.ini",
   "*/*.sh",
   "*/make-zip.sh",
   "*/Doxyfile",
   "*/.git/*",
   "*/.github/*"
  ]
 },
 "keywords": "Mayfly, EnviroDIY, Sensors, DS-3231, Logger, SDI-12",
 "description": "A collection of libraries to support the EnviroDIY Mayfly"
}