{
    "name": "EnviroDIYMayfly",
    "repository": {
        "url": "https://github.com/EnviroDIY/Libraries.git",
        "type": "git",
        "branch": "platformio"
    },
    "dependencies": [
        {
            "name": "Adafruit ADS1X15",
            "library id": "342",
            "url": "http://github.com/Adafruit/Adafruit_ADS1X15.git",
            "note": "TI ADS1X15 ADC Library by Adafruit",
            "authors": [
                "Adafruit"
            ]
        },
        {
            "name": "DHT sensor library",
            "library id": "19",
            "url": "http://github.com/adafruit/DHT-sensor-library.git",
            "note": "AOSong DHT Sensor Library by Adafruit",
            "authors": [
                "Adafruit"
            ]
        },
        {
            "name": "Adafruit Unified Sensor",
            "library id": "31",
            "url": "https://github.com/adafruit/Adafruit_Sensor.git",
            "note": "Adafruit Unified Sensor Library",
            "authors": [
                "Adafruit"
            ]
        },
        {
            "name": "Adafruit TSL2561",
            "library id": "34",
            "url": "http://github.com/Adafruit/TSL2561-Arduino-Library.git",
            "note": "TAOS TSL2561 Luminosity Sensor Library by Adafruit",
            "authors": [
                "Adafruit"
            ]
        },
        {
            "name": "EnviroDIY_DS3231",
            "library id": "2079",
            "url": "https://github.com/EnviroDIY/Sodaq_DS3231.git",
            "note": "An Arduino library for the DS3231 RTC (Real Time Clock), based off of the Sodaq_DS3231 library.",
            "authors": [
                "Kees Bakker",
                "Sara Damiano"
            ]
        },
        {
            "note": "An Arduino library for the SODAQ GPRSbee.",
            "version": "http://github.com/EnviroDIY/GPRSBee.git#v1.2_hacked",
            "name": "GPRSbee",
            "authors": [
                "Kees Bakker"
            ]
        },
        {
            "name": "EnviroDIY_ModularSensors",
            "library id": "1648",
            "url": "https://github.com/EnviroDIY/ModularSensors.git",
            "note": "EnviroDIY ModularSensors - A library that allows acces to multiple sensors through a unified interface.",
            "authors": [
                "Sara Damiano",
                "Shannon Hicks"
            ]
        },
        {
            "version": "http://github.com/EnviroDIY/PcInt_PCINT0.git",
            "name": "EnviroDIY_PCInt_PCINT0"
        },
        {
            "name": "Arduino-SDI-12",
            "library id": "1486",
            "url": "http://github.com/EnviroDIY/Arduino-SDI-12.git",
            "note": "EnviroDIY SDI-12 Library",
            "authors": [
                "Kevin M. Smith",
                "Sara Damiano",
                "Shannon Hicks"
            ]
        },
        {
            "version": "https://github.com/EnviroDIY/Arduino-SDI-12.git#mayfly",
            "name": "EnviroDIY_SDI12_PCINT3"
        },
        {
            "version": "http://github.com/EnviroDIY/SoftwareSerial_PCINT12.git",
            "name": "EnviroDIY_SoftwareSerial_PCINT12"
        },
        {
            "version": "http://github.com/switchdoclabs/SDL_Arduino_SSD1306.git",
            "name": "SDL_SSD1306"
        },
        {
            "name": "Sodaq_PcInt",
            "library id": "695",
            "url": "http://github.com/SodaqMoja/Sodaq_PcInt.git",
            "note": "Sodaq Pin Change Interrupt Library",
            "authors": [
                "Kees Bakker"
            ]
        },
        {
            "name": "RTCTimer",
            "library id": "645",
            "url": "http://github.com/SodaqMoja/RTCTimer.git",
            "note": "Sodaq Real Time Clock (RTC) Timer Library ",
            "authors": [
                "Kees Bakker"
            ]
        },
        {
            "name": "SdFat",
            "library id": "322",
            "url": "https://github.com/greiman/SdFat.git",
            "note": "SdFat - FAT16/FAT32 file system for SD cards.",
            "authors": [
                "Bill Greiman"
            ]
        },
        {
            "note": "A small Arduino library for GPRS modules.",
            "version": "https://github.com/EnviroDIY/TinyGSM.git",
            "name": "TinyGSM",
            "authors": [
                "Volodymyr Shymanskyy"
            ]
        },
        {
            "name": "DallasTemperature",
            "library id": "54",
            "url": "https://github.com/milesburton/Arduino-Temperature-Control-Library.git",
            "note": "DallasTemperature - Arduino Library for Dallas Temperature ICs (DS18B20, DS18S20, DS1822, DS1820)",
            "authors": [
                "Guil Barros",
                "Miles Burton",
                "Rob Tillart",
                "Tim Nuewsome"
            ]
        },
        {
            "name": "OneWire",
            "library id": "1",
            "url": "https://github.com/PaulStoffregen/OneWire.git",
            "note": "OneWire - Control 1-Wire protocol (DS18S20, DS18B20, DS2408 and etc)",
            "authors": [
                "Paul Stoffregen",
                "Tom Pollard",
                "Derek Yerger",
                "Jim Studt",
                "Jason Dangel",
                "Robin James",
                "Ken Butcher",
                "Guillermo Lovato",
                "Scott Roberts",
                "Bertrik Sikken",
                "Mark Tillotson",
                "Glenn Trewitt",
                "Josh Larios"
            ]
        },
        {
            "name": "Adafruit AM2315",
            "library id": "773",
            "url": "https://github.com/adafruit/Adafruit_AM2315.git",
            "note": "AOSong AM2315 I2C Temp/Humidity Sensor Library by Adafruit",
            "authors": [
                "Adafruit"
            ]
        },
        {
            "name": "Adafruit BME280 Library",
            "library id": "166",
            "url": "https://github.com/adafruit/Adafruit_BME280_Library.git",
            "note": "Bosch BME280 Temp/Humidity/Pressure Sensor Library by Adafruit",
            "authors": [
                "Adafruit"
            ]
        },
        {
            "version": "https://github.com/EnviroDIY/SoftwareSerial_ExternalInts.git",
            "name": "EnviroDIY_SoftwareSerial_ExtInts"
        },
        {
            "version": "https://github.com/EnviroDIY/Arduino-SDI-12.git#ExtInts",
            "name": "EnviroDIY_SDI12_ExtInts"
        },
        {
            "name": "RTCZero",
            "library id": "873",
            "url": "https://github.com/arduino-libraries/RTCZero.git",
            "note": "Functions for using the processor real time clock in SAMD21 processors",
            "authors": [
                "Arduino"
            ]
        },
        {
            "name": "SensorModbusMaster",
            "library id": "1824",
            "url": "https://github.com/EnviroDIY/SensorModbusMaster.git",
            "note": "EnviroDIY SensorModbusMaster - Arduino library for communicating via modbus with the Arduino acting as master.",
            "authors": [
                "Sara Damiano"
            ]
        },
        {
            "name": "YosemitechModbus",
            "library id": "2078",
            "url": "https://github.com/EnviroDIY/YosemitechModbus.git",
            "note": "Arduino library for communication with Yosemitech sensors via Modbus.",
            "authors": [
                "Sara Damiano"
            ]
        },
        {
            "name": "EnableInterrupt",
            "library id": "311",
            "url": "https://github.com/GreyGnome/EnableInterrupt.git",
            "note": "GreyGnome's EnableInterrupt - Assign an interrupt to any supported pin on all Arduinos",
            "authors": [
                "Mike 'GreyGnome' Schwager"
            ]
        }
    ],
    "export": {
        "exclude": [
            "*/.gitattributes",
            "*/.gitignore",
            "*/.travis.yml",
            "*/.gitmodules",
            "*id_rsa.enc",
            "*/platformio.ini",
            "*/*.sh",
            "*/make-zip.sh",
            "*/Doxyfile",
            "*/.git/*",
            "*/.github/*"
        ]
    },
    "keywords": "Mayfly, EnviroDIY, Sensors, DS-3231, Logger, SDI-12",
    "description": "A collection of libraries to support the EnviroDIY Mayfly"
}