{
  "action_cache_version": 22,
  "dependencies": [
    {
      "name": "EnviroDIY_DS3231",
      "owner": "envirodiy",
      "library id": "2079",
      "url": "https://github.com/EnviroDIY/Sodaq_DS3231",
      "version": "~1.3.6",
      "note": "An Arduino library for the DS3231 RTC (Real Time Clock), based off of the Sodaq_DS3231 library.",
      "authors": [
        "Kees Bakker",
        "Sara Damiano"
      ],
      "frameworks": "arduino",
      "platforms": "atmelavr, atmelsam"
    },
    {
      "name": "RTCZero",
      "owner": "arduino-libraries",
      "library id": "873",
      "url": "https://github.com/arduino-libraries/RTCZero",
      "version": "~1.6.0",
      "note": "Functions for using the processor real time clock in SAMD21 processors",
      "authors": [
        "Arduino"
      ],
      "frameworks": "arduino",
      "platforms": "atmelsam"
    },
    {
      "name": "EnableInterrupt",
      "owner": "greygnome",
      "library id": "311",
      "url": "https://github.com/GreyGnome/EnableInterrupt",
      "version": "~1.1.0",
      "note": "GreyGnome's EnableInterrupt - Assign an interrupt to any supported pin on all Arduinos",
      "authors": [
        "Mike 'GreyGnome' Schwager"
      ],
      "frameworks": "arduino",
      "platforms": "atmelavr, atmelsam"
    },
    {
      "name": "SdFat",
      "owner": "greiman",
      "library id": "322",
      "url": "https://github.com/greiman/SdFat",
      "version": "~2.2.3",
      "note": "SdFat - FAT16/FAT32 file system for SD cards.",
      "authors": [
        "Bill Greiman"
      ],
      "frameworks": "arduino",
      "platforms": "atmelavr, atmelsam"
    },
    {
      "name": "TinyGSM",
      "owner": "vshymanskyy",
      "url": "https://github.com/vshymanskyy/TinyGSM",
      "version": "~0.12.0",
      "note": "A small Arduino library for GPRS modules.",
      "authors": [
        "Volodymyr Shymanskyy",
        "Sara Damiano"
      ],
      "frameworks": "arduino",
      "platforms": "atmelavr, atmelsam"
    },
    {
      "name": "PubSubClient",
      "owner": "knolleary",
      "library id": "89",
      "url": "https://github.com/knolleary/pubsubclient",
      "version": "~2.8.0",
      "note": "A client library for MQTT messaging.",
      "authors": [
        "Nick O'Leary"
      ]
    },
    {
      "name": "Adafruit BusIO",
      "owner": "adafruit",
      "library id": "6214",
      "url": "https://github.com/adafruit/Adafruit_BusIO",
      "version": "~1.16.1",
      "note": "Adafruit BusIO, a dependency of other Adafruit libraries",
      "authors": [
        "Adafruit"
      ],
      "frameworks": "arduino",
      "platforms": "atmelavr, atmelsam"
    },
    {
      "name": "Adafruit Unified Sensor",
      "owner": "adafruit",
      "library id": "31",
      "url": "https://github.com/adafruit/Adafruit_Sensor",
      "version": "~1.1.14",
      "note": "Adafruit's unified sensor library is used by their other libraries",
      "authors": [
        "Adafruit"
      ],
      "frameworks": "arduino",
      "platforms": "atmelavr, atmelsam"
    },
    {
      "name": "Adafruit ADS1X15",
      "owner": "adafruit",
      "url": "https://github.com/adafruit/Adafruit_ADS1X15",
      "version": "~2.5.0",
      "note": "Driver for TI's ADS1X15: 12 and 16-bit Differential or Single-Ended ADC with PGA and Comparator.",
      "authors": [
        "Adafruit"
      ],
      "frameworks": "arduino",
      "platforms": "atmelavr, atmelsam"
    },
    {
      "name": "Adafruit AM2315",
      "owner": "adafruit",
      "library id": "773",
      "url": "https://github.com/adafruit/Adafruit_AM2315",
      "version": "~2.2.3",
      "note": "AOSong AM2315 I2C Temp/Humidity Sensor Library by Adafruit",
      "authors": [
        "Adafruit"
      ],
      "frameworks": "arduino",
      "platforms": "atmelavr, atmelsam"
    },
    {
      "name": "Adafruit BME280 Library",
      "owner": "adafruit",
      "library id": "166",
      "url": "https://github.com/adafruit/Adafruit_BME280_Library",
      "version": "~2.2.4",
      "note": "Bosch BME280 Temp/Humidity/Pressure Sensor Library by Adafruit",
      "authors": [
        "Adafruit"
      ],
      "frameworks": "arduino",
      "platforms": "atmelavr, atmelsam"
    },
    {
      "name": "BMP388_DEV",
      "owner": "MartinL1",
      "version": "~1.0.11",
      "note": "An Arduino compatible, non-blocking, I2C/SPI library for the Bosch BMP388 barometer.",
      "authors": [
        "Martin Lindupp"
      ],
      "frameworks": "arduino",
      "platforms": "atmelavr, atmelsam"
    },
    {
      "name": "DHT sensor library",
      "owner": "adafruit",
      "library id": "19",
      "url": "https://github.com/adafruit/DHT-sensor-library",
      "version": "~1.4.6",
      "note": "AOSong DHT Sensor Library by Adafruit",
      "authors": [
        "Adafruit"
      ],
      "frameworks": "arduino",
      "platforms": "atmelavr, atmelsam"
    },
    {
      "name": "Adafruit INA219",
      "owner": "adafruit",
      "library id": "160",
      "url": "https://github.com/adafruit/Adafruit_INA219",
      "version": "~1.2.3",
      "note": "This is a library for the Adafruit INA219 high side DC current sensor boards",
      "authors": [
        "Adafruit"
      ],
      "frameworks": "arduino",
      "platforms": "atmelavr, atmelsam"
    },
    {
      "name": "Adafruit MPL115A2",
      "owner": "adafruit",
      "library id": "406",
      "url": "https://github.com/adafruit/Adafruit_MPL115A2",
      "version": "~2.0.2",
      "note": "MPL115A2 Barometer Library by Adafruit",
      "authors": [
        "Adafruit"
      ],
      "frameworks": "arduino"
    },
    {
      "name": "Adafruit SHT4x Library",
      "owner": "adafruit",
      "library id": "11710",
      "url": "https://github.com/adafruit/Adafruit_SHT4X",
      "version": "~1.0.5",
      "note": "Sensirion SHT4x Library by Adafruit",
      "authors": [
        "Adafruit"
      ],
      "frameworks": "arduino"
    },
    {
      "name": "OneWire",
      "owner": "paulstoffregen",
      "library id": "1",
      "url": "https://github.com/PaulStoffregen/OneWire",
      "version": "~2.3.8",
      "note": "OneWire - Control 1-Wire protocol (DS18S20, DS18B20, DS2408 and etc)",
      "authors": [
        "Paul Stoffregen",
        "Jim Studt",
        "Tom Pollard",
        "Derek Yerger",
        "Josh Larios",
        "Robin James",
        "Glenn Trewitt",
        "Jason Dangel",
        "Guillermo Lovato",
        "Ken Butcher",
        "Mark Tillotson",
        "Bertrik Sikken",
        "Scott Roberts"
      ],
      "frameworks": "arduino"
    },
    {
      "name": "DallasTemperature",
      "owner": "milesburton",
      "library id": "54",
      "url": "https://github.com/milesburton/Arduino-Temperature-Control-Library",
      "version": "~3.11.0",
      "note": "DallasTemperature - Arduino Library for Dallas Temperature ICs (DS18B20, DS18S20, DS1822, DS1820)",
      "authors": [
        "Guil Barros",
        "Miles Burton",
        "Rob Tillart",
        "Tim Nuewsome"
      ],
      "frameworks": "arduino",
      "platforms": "atmelavr, atmelsam"
    },
    {
      "name": "SDI-12",
      "owner": "envirodiy",
      "library id": "1486",
      "version": "~2.2.0",
      "url": "https://github.com/EnviroDIY/Arduino-SDI-12",
      "note": "EnviroDIY SDI-12 Library for Arduino",
      "author_notes": [
        "Kevin M. Smith",
        "Sara Damiano",
        "Shannon Hicks",
        "Anthony Aufdenkampe"
      ],
      "frameworks": "arduino",
      "platforms": "atmelavr, atmelsam"
    },
    {
      "name": "MS5803",
      "owner": "northernwidget",
      "library id": "5431",
      "url": "https://github.com/NorthernWidget/MS5803",
      "version": "~0.1.2",
      "note": "General interface to MS5803-series pressure transducers",
      "authors": [
        "Bobby Schulz",
        "Andrew Wickert",
        "Chad Sandell",
        "Sara Damiano"
      ]
    },
    {
      "name": "Tally_Library_I2C",
      "version": "https://github.com/EnviroDIY/Tally_Library.git#Dev_I2C",
      "version_note": "Uses `Dev_I2C` feature branch",
      "note": "An Arduino library for interfacing to the Project Tally Event counter from NorthernWidget.",
      "authors": [
        "Bobby Schulz",
        "Anthony Aufdenkampe"
      ],
      "frameworks": "arduino",
      "platforms": "atmelavr, atmelsam"
    },
    {
      "name": "SensorModbusMaster",
      "owner": "envirodiy",
      "library id": "1824",
      "url": "https://github.com/EnviroDIY/SensorModbusMaster",
      "version": "~0.7.3",
      "note": "EnviroDIY SensorModbusMaster - Arduino library for communicating via modbus with the Arduino acting as the modbus master.",
      "authors": [
        "Sara Damiano"
      ],
      "frameworks": "arduino",
      "platforms": "atmelavr, atmelsam"
    },
    {
      "name": "KellerModbus",
      "owner": "envirodiy",
      "library id": "5439",
      "url": "https://github.com/EnviroDIY/KellerModbus",
      "version": "~0.2.3",
      "note": "Arduino library for communication with Keller pressure and water level sensors via Modbus.",
      "authors": [
        "Anthony Aufdenkampe"
      ]
    },
    {
      "name": "YosemitechModbus",
      "owner": "envirodiy",
      "library id": "2078",
      "url": "https://github.com/EnviroDIY/YosemitechModbus",
      "version": "~0.5.0",
      "note": "Arduino library for communication with Yosemitech sensors via Modbus.",
      "authors": [
        "Sara Damiano",
        "Anthony Aufdenkampe"
      ],
      "frameworks": "arduino",
      "platforms": "atmelavr, atmelsam"
    },
    {
      "name": "GroPointModbus",
      "owner": "envirodiy",
      "url": "https://github.com/EnviroDIY/GroPointModbus.git",
      "version": "~0.1.1",
      "note": "A library to use an Arduino as a master to control and communicate via modbus with GroPoint soil moisture sensors. ",
      "authors": [
        "Anthony Aufdenkampe"
      ],
      "frameworks": "arduino",
      "platforms": "atmelavr, atmelsam"
    }
  ]
}