{
  "name": "YosemitechModbus",
  "version": "0.2.2",
  "keywords": "Yosemitech, Modbus, communication, bus, sensor",
  "description": "Arduino library for communication with Yosemitech sensors via Modbus.",
  "repository":
  {
    "type": "git",
    "url": "https://github.com/EnviroDIY/YosemitechModbus.git"
  },
  "authors":
  [
    {
      "name": "Sara Damiano",
      "email": "sdamiano@stroudcenter.org",
      "maintainer": true
    },
    {
      "name": "Anthony Aufdenkampe",
      "email": "aaufdenkampe@limno.com"
    }
  ],
  "license": "BSD-3-Clause",
  "frameworks": "arduino",
  "platforms": "atmelavr, atmelsam",
  "dependencies":
  [
        {
            "name": "SensorModbusMaster",
            "library id": "1824",
            "url": "https://github.com/EnviroDIY/SensorModbusMaster.git",
            "version": ">=0.6.7",
            "note": "EnviroDIY SensorModbusMaster - Arduino library for communicating via modbus with the Arduino acting as the modbus master.",
            "authors": [
                "Sara Damiano"
            ],
            "frameworks": "arduino",
            "platforms": "atmelavr, atmelsam"
        }
  ],
  "examples":
  [
    "examples/*/*.ino",
    "utilities/*/*.ino"
  ],
  "export":
  {
    "exclude":
    [
        "doc/*",
        "sensor_tests/*"
    ]
  }
}
